transaction_id,amount,merchant_category,country,hour_of_day,is_fraud
TXN-0000000,264.63,electronics,IND,21,0
TXN-0000001,193.0,electronics,BRA,19,0
TXN-0000002,256.86,grocery,USA,16,0
TXN-0000003,256.2,electronics,UK,13,0
TXN-0000004,248.3,electronics,IND,16,0
TXN-0000005,290.26,electronics,IND,18,0
TXN-0000006,112.21,restaurant,USA,15,0
TXN-0000007,329.87,travel,UK,20,0
TXN-0000008,108.04,travel,IND,9,0
TXN-0000009,114.29,restaurant,USA,20,0
TXN-0000010,311.86,electronics,UK,18,0
TXN-0000011,189.91,grocery,BRA,19,0
TXN-0000012,150.01,restaurant,IND,13,0
TXN-0000013,170.91,grocery,UK,12,0
TXN-0000014,154.86,travel,UK,19,0
TXN-0000015,372.89,travel,USA,17,0
TXN-0000016,231.73,restaurant,BRA,8,0
TXN-0000017,290.56,travel,UK,21,0
TXN-0000018,107.05,grocery,UK,20,0
TXN-0000019,14.72,electronics,IND,16,0
TXN-0000020,143.76,grocery,UK,21,0
TXN-0000021,280.21,electronics,UK,14,0
TXN-0000022,218.52,electronics,IND,22,0
TXN-0000023,280.32,electronics,BRA,20,0
TXN-0000024,152.88,travel,IND,13,0
TXN-0000025,263.97,travel,IND,8,0
TXN-0000026,415.27,grocery,BRA,13,0
TXN-0000027,336.17,restaurant,IND,12,0
TXN-0000028,196.98,travel,UK,19,0
TXN-0000029,188.13,travel,IND,22,0
TXN-0000030,231.59,electronics,BRA,21,0
TXN-0000031,61.5,grocery,UK,20,0
TXN-0000032,278.0,restaurant,BRA,20,0
TXN-0000033,177.36,travel,BRA,16,0
TXN-0000034,324.13,electronics,UK,9,0
TXN-0000035,39.58,grocery,USA,15,0
TXN-0000036,300.28,travel,IND,8,0
TXN-0000037,429.44,travel,BRA,12,0
TXN-0000038,260.53,travel,IND,16,0
TXN-0000039,129.28,grocery,UK,9,0
TXN-0000040,203.49,travel,IND,19,0
TXN-0000041,38.75,electronics,IND,17,0
TXN-0000042,182.61,electronics,USA,20,0
TXN-0000043,153.1,travel,USA,18,0
TXN-0000044,214.9,electronics,UK,14,0
TXN-0000045,246.23,electronics,IND,19,0
TXN-0000046,143.84,restaurant,USA,18,0
TXN-0000047,6.65,electronics,BRA,15,0
TXN-0000048,160.69,electronics,USA,8,0
TXN-0000049,115.89,electronics,BRA,10,0
TXN-0000050,204.68,grocery,UK,19,0
TXN-0000051,173.72,grocery,USA,21,0
TXN-0000052,140.21,restaurant,IND,20,0
TXN-0000053,255.85,restaurant,BRA,14,0
TXN-0000054,109.36,restaurant,BRA,19,0
TXN-0000055,186.98,travel,USA,22,0
TXN-0000056,72.39,restaurant,UK,13,0
TXN-0000057,211.98,electronics,UK,11,0
TXN-0000058,191.94,grocery,IND,21,0
TXN-0000059,14.32,restaurant,USA,12,0
TXN-0000060,107.4,electronics,USA,10,0
TXN-0000061,210.67,grocery,IND,14,0
TXN-0000062,32.85,grocery,IND,21,0
TXN-0000063,1047.82,restaurant,RO,2,1
TXN-0000064,250.13,electronics,BRA,16,0
TXN-0000065,310.57,grocery,BRA,15,0
TXN-0000066,205.88,restaurant,BRA,8,0
TXN-0000067,295.76,restaurant,BRA,15,0
TXN-0000068,162.67,grocery,USA,14,0
TXN-0000069,293.9,travel,USA,8,0
TXN-0000070,140.68,restaurant,IND,17,0
TXN-0000071,209.04,travel,UK,13,0
TXN-0000072,150.11,grocery,IND,8,0
TXN-0000073,101.96,restaurant,UK,18,0
TXN-0000074,160.63,travel,UK,19,0
TXN-0000075,149.32,travel,IND,9,0
TXN-0000076,33.82,restaurant,UK,17,0
TXN-0000077,248.16,grocery,BRA,16,0
TXN-0000078,258.7,travel,USA,19,0
TXN-0000079,214.0,grocery,BRA,22,0
TXN-0000080,276.08,electronics,USA,14,0
TXN-0000081,62.46,restaurant,USA,13,0
TXN-0000082,98.1,travel,BRA,18,0
TXN-0000083,384.54,electronics,IND,11,0
TXN-0000084,81.83,travel,BRA,12,0
TXN-0000085,263.02,travel,BRA,11,0
TXN-0000086,389.6,travel,IND,16,0
TXN-0000087,218.37,grocery,UK,21,0
TXN-0000088,183.75,travel,USA,13,0
TXN-0000089,137.95,restaurant,IND,8,0
TXN-0000090,124.99,travel,IND,19,0
TXN-0000091,96.11,travel,UK,16,0
TXN-0000092,430.32,electronics,USA,21,0
TXN-0000093,230.59,grocery,UK,20,0
TXN-0000094,236.48,grocery,BRA,8,0
TXN-0000095,132.11,restaurant,BRA,12,0
TXN-0000096,160.59,restaurant,UK,20,0
TXN-0000097,274.59,travel,IND,16,0
TXN-0000098,228.53,travel,USA,12,0
TXN-0000099,135.2,travel,USA,8,0
TXN-0000100,326.19,restaurant,UK,8,0
TXN-0000101,143.25,restaurant,BRA,11,0
TXN-0000102,215.11,travel,BRA,10,0
TXN-0000103,189.54,travel,UK,19,0
TXN-0000104,382.04,restaurant,USA,16,0
TXN-0000105,314.84,restaurant,BRA,20,0
TXN-0000106,51.57,travel,USA,17,0
TXN-0000107,82.39,grocery,UK,16,0
TXN-0000108,166.92,travel,UK,20,0
TXN-0000109,234.64,travel,IND,17,0
TXN-0000110,168.19,electronics,UK,11,0
TXN-0000111,312.99,electronics,UK,14,0
TXN-0000112,185.14,grocery,IND,19,0
TXN-0000113,317.59,electronics,UK,15,0
TXN-0000114,94.81,restaurant,BRA,15,0
TXN-0000115,143.42,restaurant,IND,21,0
TXN-0000116,334.19,grocery,IND,16,0
TXN-0000117,309.82,travel,USA,8,0
TXN-0000118,126.1,travel,IND,22,0
TXN-0000119,308.41,electronics,USA,22,0
TXN-0000120,141.66,electronics,USA,10,0
TXN-0000121,169.88,restaurant,USA,19,0
TXN-0000122,420.91,travel,BRA,8,0
TXN-0000123,94.66,grocery,USA,14,0
TXN-0000124,108.84,grocery,IND,12,0
TXN-0000125,340.41,travel,UK,22,0
TXN-0000126,112.25,electronics,BRA,18,0
TXN-0000127,59.96,electronics,IND,20,0
TXN-0000128,125.89,electronics,UK,14,0
TXN-0000129,267.86,restaurant,IND,20,0
TXN-0000130,191.76,electronics,USA,10,0
TXN-0000131,29.11,restaurant,UK,11,0
TXN-0000132,331.13,grocery,USA,18,0
TXN-0000133,207.31,restaurant,BRA,19,0
TXN-0000134,245.28,travel,BRA,21,0
TXN-0000135,258.25,travel,UK,22,0
TXN-0000136,288.42,restaurant,IND,17,0
TXN-0000137,325.91,travel,IND,11,0
TXN-0000138,46.66,electronics,IND,22,0
TXN-0000139,73.27,travel,BRA,21,0
TXN-0000140,64.61,travel,IND,20,0
TXN-0000141,98.52,restaurant,BRA,15,0
TXN-0000142,282.22,restaurant,UK,18,0
TXN-0000143,135.57,restaurant,IND,18,0
TXN-0000144,1020.06,travel,RO,0,1
TXN-0000145,353.84,electronics,IND,14,0
TXN-0000146,211.98,travel,UK,11,0
TXN-0000147,169.31,travel,BRA,15,0
TXN-0000148,181.15,restaurant,BRA,12,0
TXN-0000149,96.94,restaurant,USA,12,0
TXN-0000150,318.82,travel,UK,14,0
TXN-0000151,210.54,travel,IND,9,0
TXN-0000152,339.87,grocery,IND,22,0
TXN-0000153,211.72,grocery,USA,20,0
TXN-0000154,173.91,electronics,IND,16,0
TXN-0000155,303.48,electronics,IND,14,0
TXN-0000156,117.75,restaurant,USA,20,0
TXN-0000157,292.95,travel,USA,20,0
TXN-0000158,166.61,grocery,IND,22,0
TXN-0000159,64.21,electronics,UK,20,0
TXN-0000160,166.15,grocery,UK,16,0
TXN-0000161,243.3,electronics,IND,16,0
TXN-0000162,64.93,travel,USA,14,0
TXN-0000163,320.26,grocery,USA,9,0
TXN-0000164,421.83,grocery,IND,22,0
TXN-0000165,321.56,travel,USA,17,0
TXN-0000166,251.24,grocery,UK,16,0
TXN-0000167,212.68,grocery,UK,13,0
TXN-0000168,205.08,travel,BRA,14,0
TXN-0000169,208.69,restaurant,IND,9,0
TXN-0000170,231.23,restaurant,BRA,21,0
TXN-0000171,133.16,grocery,BRA,17,0
TXN-0000172,213.37,grocery,BRA,9,0
TXN-0000173,115.35,restaurant,UK,14,0
TXN-0000174,338.6,restaurant,UK,22,0
TXN-0000175,254.24,grocery,BRA,13,0
TXN-0000176,185.12,restaurant,BRA,21,0
TXN-0000177,112.57,electronics,IND,16,0
TXN-0000178,158.46,grocery,IND,14,0
TXN-0000179,996.31,electronics,UA,4,1
TXN-0000180,26.19,grocery,IND,18,0
TXN-0000181,130.83,electronics,IND,13,0
TXN-0000182,164.68,restaurant,USA,13,0
TXN-0000183,120.52,restaurant,USA,19,0
TXN-0000184,139.79,restaurant,USA,17,0
TXN-0000185,255.67,grocery,USA,11,0
TXN-0000186,348.57,restaurant,UK,16,0
TXN-0000187,317.51,restaurant,UK,15,0
TXN-0000188,13.46,restaurant,USA,22,0
TXN-0000189,231.92,travel,USA,13,0
TXN-0000190,467.37,grocery,USA,15,0
TXN-0000191,91.48,restaurant,USA,19,0
TXN-0000192,350.76,electronics,IND,9,0
TXN-0000193,356.35,grocery,USA,8,0
TXN-0000194,185.77,restaurant,UK,21,0
TXN-0000195,251.85,travel,UK,8,0
TXN-0000196,124.37,grocery,UK,22,0
TXN-0000197,63.86,grocery,BRA,14,0
TXN-0000198,99.57,restaurant,USA,12,0
TXN-0000199,752.7,travel,UA,0,1
TXN-0000200,45.02,grocery,IND,22,0
TXN-0000201,326.33,electronics,USA,18,0
TXN-0000202,171.92,restaurant,BRA,20,0
TXN-0000203,327.62,travel,BRA,18,0
TXN-0000204,228.12,grocery,UK,11,0
TXN-0000205,69.04,grocery,USA,9,0
TXN-0000206,164.74,electronics,UK,21,0
TXN-0000207,30.27,electronics,UK,18,0
TXN-0000208,40.31,electronics,BRA,13,0
TXN-0000209,200.38,grocery,UK,13,0
TXN-0000210,276.69,electronics,UK,21,0
TXN-0000211,167.65,electronics,IND,11,0
TXN-0000212,12.67,restaurant,IND,15,0
TXN-0000213,89.27,grocery,IND,21,0
TXN-0000214,238.97,travel,UK,13,0
TXN-0000215,264.11,grocery,USA,17,0
TXN-0000216,229.6,grocery,USA,14,0
TXN-0000217,67.43,electronics,BRA,11,0
TXN-0000218,901.83,grocery,UA,0,1
TXN-0000219,230.49,grocery,IND,20,0
TXN-0000220,284.03,grocery,UK,13,0
TXN-0000221,85.45,electronics,UK,20,0
TXN-0000222,188.98,restaurant,UK,15,0
TXN-0000223,8.34,restaurant,USA,15,0
TXN-0000224,700.47,grocery,UA,2,1
TXN-0000225,264.56,restaurant,UK,10,0
TXN-0000226,279.68,grocery,BRA,14,0
TXN-0000227,101.68,travel,IND,9,0
TXN-0000228,265.99,restaurant,USA,19,0
TXN-0000229,344.11,electronics,BRA,13,0
TXN-0000230,278.39,travel,IND,16,0
TXN-0000231,267.82,grocery,BRA,20,0
TXN-0000232,119.3,grocery,IND,21,0
TXN-0000233,329.49,grocery,UK,14,0
TXN-0000234,203.63,grocery,USA,19,0
TXN-0000235,80.32,grocery,USA,11,0
TXN-0000236,184.68,restaurant,UK,11,0
TXN-0000237,204.57,grocery,USA,15,0
TXN-0000238,305.0,restaurant,USA,22,0
TXN-0000239,356.24,restaurant,BRA,22,0
TXN-0000240,280.48,electronics,USA,13,0
TXN-0000241,166.46,restaurant,UK,17,0
TXN-0000242,158.32,travel,BRA,9,0
TXN-0000243,203.44,restaurant,UK,22,0
TXN-0000244,234.55,travel,IND,9,0
TXN-0000245,284.01,electronics,BRA,14,0
TXN-0000246,143.73,electronics,UK,13,0
TXN-0000247,205.35,electronics,BRA,22,0
TXN-0000248,19.0,electronics,USA,10,0
TXN-0000249,135.28,travel,UK,10,0
TXN-0000250,14.1,grocery,UK,8,0
TXN-0000251,237.15,electronics,BRA,13,0
TXN-0000252,238.17,grocery,IND,16,0
TXN-0000253,307.26,electronics,USA,20,0
TXN-0000254,249.13,electronics,BRA,14,0
TXN-0000255,157.43,restaurant,BRA,16,0
TXN-0000256,186.42,electronics,USA,8,0
TXN-0000257,304.81,restaurant,BRA,8,0
TXN-0000258,235.95,electronics,BRA,22,0
TXN-0000259,68.02,electronics,BRA,10,0
TXN-0000260,51.41,grocery,USA,16,0
TXN-0000261,325.52,grocery,UK,8,0
TXN-0000262,196.37,electronics,UK,16,0
TXN-0000263,247.58,grocery,UK,8,0
TXN-0000264,100.94,restaurant,USA,18,0
TXN-0000265,74.91,grocery,USA,12,0
TXN-0000266,325.62,restaurant,USA,21,0
TXN-0000267,106.0,electronics,UK,16,0
TXN-0000268,154.91,electronics,UK,17,0
TXN-0000269,239.14,restaurant,UK,9,0
TXN-0000270,214.77,restaurant,BRA,8,0
TXN-0000271,207.58,restaurant,USA,21,0
TXN-0000272,121.09,grocery,IND,10,0
TXN-0000273,205.7,grocery,BRA,9,0
TXN-0000274,196.65,restaurant,USA,22,0
TXN-0000275,48.68,electronics,USA,9,0
TXN-0000276,171.62,restaurant,UK,9,0
TXN-0000277,297.9,restaurant,UK,17,0
TXN-0000278,306.4,travel,BRA,15,0
TXN-0000279,160.17,electronics,IND,8,0
TXN-0000280,212.4,travel,IND,15,0
TXN-0000281,206.0,grocery,USA,16,0
TXN-0000282,237.42,grocery,UK,12,0
TXN-0000283,113.72,grocery,USA,9,0
TXN-0000284,255.04,electronics,UK,19,0
TXN-0000285,137.78,electronics,USA,10,0
TXN-0000286,117.03,travel,IND,12,0
TXN-0000287,189.76,grocery,USA,15,0
TXN-0000288,307.6,grocery,IND,8,0
TXN-0000289,160.64,restaurant,IND,16,0
TXN-0000290,238.01,grocery,IND,20,0
TXN-0000291,145.43,electronics,USA,13,0
TXN-0000292,387.35,electronics,BRA,8,0
TXN-0000293,315.53,restaurant,USA,8,0
TXN-0000294,221.76,grocery,UK,17,0
TXN-0000295,248.22,electronics,USA,19,0
TXN-0000296,213.3,restaurant,BRA,8,0
TXN-0000297,111.68,restaurant,UK,16,0
TXN-0000298,223.31,grocery,UK,22,0
TXN-0000299,127.21,travel,UK,19,0
TXN-0000300,279.33,electronics,IND,20,0
TXN-0000301,44.53,restaurant,IND,14,0
TXN-0000302,353.49,restaurant,UK,14,0
TXN-0000303,95.54,grocery,UK,15,0
TXN-0000304,193.6,travel,IND,15,0
TXN-0000305,281.93,grocery,UK,19,0
TXN-0000306,318.93,electronics,BRA,15,0
TXN-0000307,242.63,electronics,BRA,19,0
TXN-0000308,95.32,electronics,UK,21,0
TXN-0000309,140.76,travel,BRA,12,0
TXN-0000310,169.64,travel,USA,11,0
TXN-0000311,197.94,travel,BRA,16,0
TXN-0000312,361.63,grocery,IND,21,0
TXN-0000313,306.55,restaurant,IND,10,0
TXN-0000314,89.81,electronics,UK,12,0
TXN-0000315,198.28,grocery,UK,21,0
TXN-0000316,288.59,restaurant,BRA,8,0
TXN-0000317,299.81,grocery,UK,15,0
TXN-0000318,129.98,travel,BRA,17,0
TXN-0000319,225.12,travel,BRA,9,0
TXN-0000320,89.78,grocery,BRA,16,0
TXN-0000321,255.81,restaurant,BRA,19,0
TXN-0000322,157.17,grocery,BRA,16,0
TXN-0000323,33.83,restaurant,IND,19,0
TXN-0000324,238.82,grocery,BRA,13,0
TXN-0000325,99.29,travel,UK,11,0
TXN-0000326,233.76,grocery,UK,18,0
TXN-0000327,334.59,travel,BRA,18,0
TXN-0000328,202.16,restaurant,IND,11,0
TXN-0000329,293.54,electronics,BRA,12,0
TXN-0000330,276.13,grocery,UK,12,0
TXN-0000331,304.83,electronics,BRA,18,0
TXN-0000332,200.0,grocery,IND,19,0
TXN-0000333,162.36,travel,IND,18,0
TXN-0000334,272.6,grocery,BRA,11,0
TXN-0000335,219.5,grocery,BRA,8,0
TXN-0000336,170.68,travel,UK,8,0
TXN-0000337,46.86,electronics,UK,16,0
TXN-0000338,62.73,travel,BRA,19,0
TXN-0000339,222.98,restaurant,BRA,13,0
TXN-0000340,218.07,electronics,USA,18,0
TXN-0000341,298.94,restaurant,BRA,18,0
TXN-0000342,355.17,travel,UK,8,0
TXN-0000343,192.92,restaurant,UK,8,0
TXN-0000344,196.86,travel,USA,20,0
TXN-0000345,285.84,electronics,UK,15,0
TXN-0000346,235.62,travel,USA,8,0
TXN-0000347,220.95,restaurant,UK,21,0
TXN-0000348,196.58,travel,USA,9,0
TXN-0000349,289.11,electronics,UK,11,0
TXN-0000350,300.53,electronics,UK,11,0
TXN-0000351,414.21,travel,USA,21,0
TXN-0000352,108.81,travel,BRA,16,0
TXN-0000353,329.15,travel,IND,21,0
TXN-0000354,168.12,electronics,BRA,9,0
TXN-0000355,354.46,travel,UK,16,0
TXN-0000356,129.51,electronics,USA,9,0
TXN-0000357,317.88,grocery,BRA,10,0
TXN-0000358,264.16,grocery,IND,13,0
TXN-0000359,278.58,electronics,USA,18,0
TXN-0000360,257.79,grocery,USA,13,0
TXN-0000361,395.05,grocery,USA,16,0
TXN-0000362,247.91,restaurant,UK,16,0
TXN-0000363,277.2,electronics,BRA,21,0
TXN-0000364,95.26,grocery,IND,19,0
TXN-0000365,231.61,restaurant,USA,21,0
TXN-0000366,91.92,grocery,USA,16,0
TXN-0000367,161.74,grocery,UK,21,0
TXN-0000368,311.29,travel,UK,8,0
TXN-0000369,184.47,travel,USA,17,0
TXN-0000370,41.39,grocery,IND,14,0
TXN-0000371,178.2,restaurant,UK,21,0
TXN-0000372,213.2,travel,USA,9,0
TXN-0000373,264.56,restaurant,UK,10,0
TXN-0000374,278.81,grocery,USA,15,0
TXN-0000375,138.87,travel,BRA,22,0
TXN-0000376,197.17,grocery,BRA,16,0
TXN-0000377,183.38,restaurant,USA,13,0
TXN-0000378,277.99,restaurant,IND,15,0
TXN-0000379,130.0,travel,BRA,13,0
TXN-0000380,124.64,travel,BRA,10,0
TXN-0000381,76.75,grocery,UK,10,0
TXN-0000382,122.13,grocery,UK,20,0
TXN-0000383,183.78,travel,IND,8,0
TXN-0000384,217.43,travel,BRA,16,0
TXN-0000385,47.15,electronics,USA,18,0
TXN-0000386,128.56,restaurant,UK,17,0
TXN-0000387,245.15,travel,USA,15,0
TXN-0000388,220.81,electronics,IND,14,0
TXN-0000389,184.99,electronics,UK,17,0
TXN-0000390,378.98,restaurant,USA,17,0
TXN-0000391,130.45,restaurant,USA,8,0
TXN-0000392,59.5,restaurant,IND,22,0
TXN-0000393,29.31,electronics,BRA,20,0
TXN-0000394,405.38,grocery,UK,16,0
TXN-0000395,249.8,restaurant,UK,20,0
TXN-0000396,184.27,grocery,USA,13,0
TXN-0000397,23.57,electronics,BRA,12,0
TXN-0000398,147.54,restaurant,UK,14,0
TXN-0000399,266.51,electronics,BRA,22,0
TXN-0000400,173.34,travel,UK,14,0
TXN-0000401,122.06,electronics,IND,15,0
TXN-0000402,91.54,grocery,USA,22,0
TXN-0000403,267.67,grocery,IND,21,0
TXN-0000404,108.29,electronics,USA,20,0
TXN-0000405,392.98,grocery,USA,15,0
TXN-0000406,118.08,restaurant,USA,19,0
TXN-0000407,244.57,travel,BRA,15,0
TXN-0000408,245.14,grocery,UK,22,0
TXN-0000409,335.7,grocery,USA,20,0
TXN-0000410,107.67,travel,BRA,18,0
TXN-0000411,127.71,grocery,USA,15,0
TXN-0000412,276.19,travel,USA,18,0
TXN-0000413,46.94,electronics,USA,16,0
TXN-0000414,151.54,electronics,BRA,12,0
TXN-0000415,117.09,travel,USA,16,0
TXN-0000416,128.03,restaurant,UK,20,0
TXN-0000417,93.5,grocery,UK,13,0
TXN-0000418,229.14,electronics,USA,20,0
TXN-0000419,158.47,restaurant,IND,10,0
TXN-0000420,72.34,restaurant,USA,10,0
TXN-0000421,317.02,grocery,BRA,17,0
TXN-0000422,297.59,travel,BRA,22,0
TXN-0000423,205.63,electronics,UK,21,0
TXN-0000424,172.71,restaurant,IND,22,0
TXN-0000425,125.72,travel,USA,11,0
TXN-0000426,159.32,restaurant,USA,12,0
TXN-0000427,174.43,restaurant,UK,12,0
TXN-0000428,241.33,restaurant,BRA,14,0
TXN-0000429,245.82,restaurant,UK,9,0
TXN-0000430,108.88,electronics,USA,8,0
TXN-0000431,342.85,electronics,UK,12,0
TXN-0000432,74.87,electronics,IND,9,0
TXN-0000433,200.27,grocery,BRA,13,0
TXN-0000434,303.35,electronics,UK,16,0
TXN-0000435,251.43,electronics,USA,13,0
TXN-0000436,166.34,restaurant,USA,12,0
TXN-0000437,0.31,restaurant,USA,8,0
TXN-0000438,300.6,travel,BRA,12,0
TXN-0000439,173.95,restaurant,USA,20,0
TXN-0000440,131.81,grocery,BRA,16,0
TXN-0000441,214.83,travel,IND,12,0
TXN-0000442,309.24,grocery,BRA,20,0
TXN-0000443,198.44,restaurant,BRA,8,0
TXN-0000444,248.85,electronics,BRA,10,0
TXN-0000445,66.24,electronics,IND,8,0
TXN-0000446,292.59,electronics,BRA,18,0
TXN-0000447,311.58,travel,USA,13,0
TXN-0000448,249.11,restaurant,USA,14,0
TXN-0000449,262.83,grocery,IND,11,0
TXN-0000450,56.34,travel,USA,17,0
TXN-0000451,230.93,travel,BRA,15,0
TXN-0000452,169.79,restaurant,IND,13,0
TXN-0000453,202.73,travel,UK,15,0
TXN-0000454,154.95,travel,IND,9,0
TXN-0000455,233.81,grocery,BRA,20,0
TXN-0000456,250.72,grocery,UK,10,0
TXN-0000457,263.49,restaurant,BRA,15,0
TXN-0000458,422.66,grocery,USA,11,0
TXN-0000459,318.56,travel,USA,21,0
TXN-0000460,225.2,electronics,UK,15,0
TXN-0000461,212.81,restaurant,IND,21,0
TXN-0000462,218.83,travel,USA,8,0
TXN-0000463,207.64,travel,BRA,15,0
TXN-0000464,183.58,travel,USA,10,0
TXN-0000465,387.38,electronics,USA,18,0
TXN-0000466,175.26,restaurant,USA,15,0
TXN-0000467,109.02,travel,IND,22,0
TXN-0000468,340.85,travel,UK,11,0
TXN-0000469,268.49,electronics,USA,8,0
TXN-0000470,305.7,electronics,USA,10,0
TXN-0000471,155.97,grocery,USA,10,0
TXN-0000472,31.7,grocery,IND,15,0
TXN-0000473,95.95,grocery,BRA,13,0
TXN-0000474,286.08,electronics,UK,16,0
TXN-0000475,140.18,grocery,IND,16,0
TXN-0000476,201.52,electronics,UK,19,0
TXN-0000477,248.81,travel,UK,22,0
TXN-0000478,164.96,restaurant,BRA,15,0
TXN-0000479,20.7,grocery,UK,8,0
TXN-0000480,81.21,electronics,BRA,12,0
TXN-0000481,114.25,restaurant,IND,13,0
TXN-0000482,222.87,restaurant,IND,15,0
TXN-0000483,229.4,electronics,BRA,8,0
TXN-0000484,302.66,travel,UK,12,0
TXN-0000485,173.19,grocery,BRA,8,0
TXN-0000486,179.49,grocery,UK,12,0
TXN-0000487,316.49,electronics,USA,14,0
TXN-0000488,321.17,restaurant,UK,20,0
TXN-0000489,292.27,grocery,BRA,17,0
TXN-0000490,187.83,electronics,BRA,12,0
TXN-0000491,388.81,electronics,IND,22,0
TXN-0000492,336.34,restaurant,UK,12,0
TXN-0000493,232.67,electronics,BRA,14,0
TXN-0000494,97.01,travel,USA,19,0
TXN-0000495,108.92,restaurant,USA,13,0
TXN-0000496,98.7,restaurant,UK,9,0
TXN-0000497,226.03,travel,USA,13,0
TXN-0000498,278.16,restaurant,IND,13,0
TXN-0000499,85.98,electronics,USA,14,0
TXN-0000500,416.89,grocery,USA,10,0
TXN-0000501,202.48,electronics,USA,12,0
TXN-0000502,208.67,electronics,IND,19,0
TXN-0000503,122.34,travel,BRA,11,0
TXN-0000504,205.55,electronics,UK,12,0
TXN-0000505,145.75,restaurant,IND,17,0
TXN-0000506,239.29,electronics,UK,21,0
TXN-0000507,182.67,travel,UK,20,0
TXN-0000508,180.72,electronics,UK,21,0
TXN-0000509,52.61,restaurant,USA,11,0
TXN-0000510,411.72,electronics,USA,13,0
TXN-0000511,252.41,grocery,IND,12,0
TXN-0000512,165.76,travel,UK,14,0
TXN-0000513,151.89,restaurant,UK,15,0
TXN-0000514,109.25,grocery,USA,8,0
TXN-0000515,359.05,travel,IND,22,0
TXN-0000516,108.98,electronics,UK,17,0
TXN-0000517,113.09,grocery,BRA,22,0
TXN-0000518,5.56,travel,USA,22,0
TXN-0000519,194.3,grocery,UK,10,0
TXN-0000520,112.72,travel,USA,15,0
TXN-0000521,184.62,restaurant,IND,19,0
TXN-0000522,96.18,grocery,BRA,17,0
TXN-0000523,277.27,travel,BRA,17,0
TXN-0000524,161.57,restaurant,BRA,19,0
TXN-0000525,166.99,restaurant,BRA,8,0
TXN-0000526,215.49,restaurant,IND,16,0
TXN-0000527,272.98,electronics,IND,19,0
TXN-0000528,167.19,travel,UK,15,0
TXN-0000529,230.87,electronics,UK,14,0
TXN-0000530,290.4,electronics,UK,13,0
TXN-0000531,250.3,grocery,UK,19,0
TXN-0000532,180.17,travel,BRA,16,0
TXN-0000533,404.68,grocery,USA,17,0
TXN-0000534,194.96,travel,UK,12,0
TXN-0000535,215.82,restaurant,USA,16,0
TXN-0000536,141.67,grocery,USA,9,0
TXN-0000537,73.94,restaurant,UK,12,0
TXN-0000538,39.69,electronics,IND,20,0
TXN-0000539,246.3,electronics,UK,21,0
TXN-0000540,286.28,grocery,BRA,9,0
TXN-0000541,122.18,travel,USA,9,0
TXN-0000542,221.04,grocery,USA,15,0
TXN-0000543,245.4,grocery,BRA,13,0
TXN-0000544,205.4,electronics,BRA,18,0
TXN-0000545,28.91,restaurant,BRA,22,0
TXN-0000546,246.44,electronics,IND,15,0
TXN-0000547,47.03,grocery,IND,10,0
TXN-0000548,221.5,electronics,USA,8,0
TXN-0000549,8.57,restaurant,UK,15,0
TXN-0000550,76.99,travel,BRA,19,0
TXN-0000551,281.01,electronics,USA,15,0
TXN-0000552,349.97,grocery,USA,19,0
TXN-0000553,242.83,restaurant,IND,17,0
TXN-0000554,105.52,restaurant,USA,16,0
TXN-0000555,332.54,travel,BRA,11,0
TXN-0000556,84.11,grocery,IND,22,0
TXN-0000557,274.22,restaurant,USA,20,0
TXN-0000558,184.9,electronics,BRA,13,0
TXN-0000559,195.65,restaurant,UK,12,0
TXN-0000560,178.11,grocery,UK,11,0
TXN-0000561,200.16,travel,UK,18,0
TXN-0000562,273.33,grocery,BRA,21,0
TXN-0000563,104.5,restaurant,USA,22,0
TXN-0000564,127.04,travel,USA,21,0
TXN-0000565,288.25,grocery,IND,20,0
TXN-0000566,311.53,restaurant,IND,10,0
TXN-0000567,742.07,electronics,UA,1,1
TXN-0000568,173.21,grocery,BRA,8,0
TXN-0000569,95.14,restaurant,BRA,16,0
TXN-0000570,170.71,grocery,IND,21,0
TXN-0000571,283.35,restaurant,BRA,16,0
TXN-0000572,325.31,travel,USA,15,0
TXN-0000573,102.09,travel,IND,8,0
TXN-0000574,279.8,travel,IND,10,0
TXN-0000575,44.17,grocery,BRA,12,0
TXN-0000576,105.71,grocery,BRA,20,0
TXN-0000577,204.09,restaurant,IND,18,0
TXN-0000578,237.2,travel,USA,8,0
TXN-0000579,220.87,electronics,IND,21,0
TXN-0000580,165.65,grocery,IND,16,0
TXN-0000581,242.02,grocery,IND,17,0
TXN-0000582,84.77,electronics,UK,14,0
TXN-0000583,262.48,grocery,UK,12,0
TXN-0000584,294.59,electronics,UK,15,0
TXN-0000585,82.71,travel,IND,11,0
TXN-0000586,314.3,grocery,USA,14,0
TXN-0000587,173.61,grocery,IND,10,0
TXN-0000588,238.51,travel,UK,11,0
TXN-0000589,181.04,travel,USA,17,0
TXN-0000590,193.13,travel,UK,8,0
TXN-0000591,184.19,travel,USA,14,0
TXN-0000592,141.89,restaurant,BRA,18,0
TXN-0000593,200.96,grocery,BRA,17,0
TXN-0000594,131.04,grocery,BRA,15,0
TXN-0000595,227.07,electronics,UK,8,0
TXN-0000596,326.26,travel,BRA,12,0
TXN-0000597,165.94,restaurant,UK,19,0
TXN-0000598,264.15,electronics,UK,14,0
TXN-0000599,262.27,grocery,UK,17,0
TXN-0000600,109.59,electronics,BRA,22,0
TXN-0000601,213.98,electronics,IND,14,0
TXN-0000602,390.28,travel,USA,13,0
TXN-0000603,280.83,travel,IND,15,0
TXN-0000604,194.4,electronics,USA,16,0
TXN-0000605,313.55,grocery,IND,22,0
TXN-0000606,332.75,electronics,UK,17,0
TXN-0000607,401.72,restaurant,BRA,11,0
TXN-0000608,201.57,restaurant,USA,21,0
TXN-0000609,297.04,travel,BRA,14,0
TXN-0000610,256.89,restaurant,UK,18,0
TXN-0000611,234.84,travel,BRA,13,0
TXN-0000612,171.31,electronics,BRA,17,0
TXN-0000613,255.54,travel,USA,12,0
TXN-0000614,37.94,travel,IND,20,0
TXN-0000615,218.84,grocery,UK,19,0
TXN-0000616,190.44,restaurant,UK,10,0
TXN-0000617,69.22,electronics,UK,21,0
TXN-0000618,174.67,electronics,UK,17,0
TXN-0000619,189.06,electronics,UK,21,0
TXN-0000620,244.05,grocery,IND,8,0
TXN-0000621,260.31,restaurant,UK,18,0
TXN-0000622,242.67,electronics,USA,19,0
TXN-0000623,171.53,travel,USA,18,0
TXN-0000624,389.29,restaurant,UK,8,0
TXN-0000625,112.32,restaurant,USA,11,0
TXN-0000626,59.52,restaurant,UK,16,0
TXN-0000627,291.88,electronics,UK,15,0
TXN-0000628,90.42,electronics,IND,14,0
TXN-0000629,284.26,grocery,IND,12,0
TXN-0000630,207.93,grocery,BRA,13,0
TXN-0000631,227.75,travel,IND,12,0
TXN-0000632,304.13,electronics,IND,8,0
TXN-0000633,208.37,grocery,BRA,8,0
TXN-0000634,77.75,grocery,IND,22,0
TXN-0000635,140.26,travel,USA,19,0
TXN-0000636,137.5,restaurant,UK,20,0
TXN-0000637,215.81,restaurant,USA,10,0
TXN-0000638,99.42,electronics,UK,21,0
TXN-0000639,224.55,travel,UK,21,0
TXN-0000640,827.04,travel,RO,1,1
TXN-0000641,184.17,restaurant,BRA,12,0
TXN-0000642,125.85,electronics,UK,11,0
TXN-0000643,172.07,grocery,USA,15,0
TXN-0000644,191.13,restaurant,BRA,14,0
TXN-0000645,127.73,electronics,USA,21,0
TXN-0000646,209.22,grocery,USA,9,0
TXN-0000647,202.57,electronics,IND,16,0
TXN-0000648,121.98,electronics,UK,22,0
TXN-0000649,174.69,electronics,IND,9,0
TXN-0000650,58.28,travel,UK,19,0
TXN-0000651,142.15,electronics,UK,15,0
TXN-0000652,149.26,grocery,UK,10,0
TXN-0000653,180.99,electronics,UK,12,0
TXN-0000654,177.57,electronics,BRA,9,0
TXN-0000655,353.2,travel,USA,12,0
TXN-0000656,126.59,electronics,UK,9,0
TXN-0000657,783.4,grocery,NG,1,1
TXN-0000658,219.21,grocery,BRA,15,0
TXN-0000659,378.95,electronics,USA,16,0
TXN-0000660,255.47,electronics,IND,18,0
TXN-0000661,358.66,grocery,USA,22,0
TXN-0000662,285.68,travel,USA,19,0
TXN-0000663,219.94,grocery,IND,22,0
TXN-0000664,223.68,grocery,IND,14,0
TXN-0000665,409.22,travel,UK,15,0
TXN-0000666,240.17,travel,BRA,16,0
TXN-0000667,240.91,grocery,USA,14,0
TXN-0000668,76.46,electronics,UK,8,0
TXN-0000669,23.59,grocery,UK,17,0
TXN-0000670,706.82,electronics,NG,0,1
TXN-0000671,282.93,travel,IND,21,0
TXN-0000672,167.55,grocery,UK,21,0
TXN-0000673,242.01,grocery,IND,17,0
TXN-0000674,258.48,grocery,IND,17,0
TXN-0000675,297.92,grocery,IND,9,0
TXN-0000676,282.58,grocery,UK,11,0
TXN-0000677,25.6,electronics,UK,8,0
TXN-0000678,69.21,restaurant,USA,17,0
TXN-0000679,24.67,restaurant,IND,22,0
TXN-0000680,133.43,restaurant,IND,15,0
TXN-0000681,385.06,restaurant,UK,9,0
TXN-0000682,301.68,grocery,USA,17,0
TXN-0000683,240.35,electronics,IND,21,0
TXN-0000684,237.04,grocery,UK,8,0
TXN-0000685,250.81,grocery,IND,20,0
TXN-0000686,75.39,electronics,BRA,12,0
TXN-0000687,226.07,travel,IND,18,0
TXN-0000688,270.41,grocery,IND,22,0
TXN-0000689,152.13,restaurant,UK,17,0
TXN-0000690,137.06,electronics,USA,17,0
TXN-0000691,249.33,grocery,UK,11,0
TXN-0000692,95.81,travel,UK,15,0
TXN-0000693,157.39,electronics,USA,19,0
TXN-0000694,394.86,grocery,USA,15,0
TXN-0000695,123.32,restaurant,USA,9,0
TXN-0000696,223.03,restaurant,IND,13,0
TXN-0000697,191.0,restaurant,USA,21,0
TXN-0000698,186.65,restaurant,IND,9,0
TXN-0000699,366.33,restaurant,UK,9,0
TXN-0000700,347.11,grocery,USA,21,0
TXN-0000701,20.9,restaurant,BRA,8,0
TXN-0000702,41.24,grocery,USA,16,0
TXN-0000703,208.55,travel,IND,16,0
TXN-0000704,36.49,grocery,BRA,22,0
TXN-0000705,288.33,restaurant,BRA,14,0
TXN-0000706,506.54,grocery,UA,3,1
TXN-0000707,105.25,grocery,BRA,21,0
TXN-0000708,179.38,restaurant,BRA,12,0
TXN-0000709,229.41,grocery,UK,20,0
TXN-0000710,140.43,travel,IND,16,0
TXN-0000711,116.82,restaurant,UK,10,0
TXN-0000712,73.94,travel,IND,11,0
TXN-0000713,174.92,electronics,BRA,10,0
TXN-0000714,169.54,restaurant,BRA,11,0
TXN-0000715,267.92,electronics,IND,9,0
TXN-0000716,317.28,restaurant,IND,13,0
TXN-0000717,204.43,electronics,BRA,8,0
TXN-0000718,119.61,travel,BRA,19,0
TXN-0000719,0.94,electronics,UK,11,0
TXN-0000720,192.85,travel,UK,11,0
TXN-0000721,175.42,grocery,BRA,16,0
TXN-0000722,291.41,restaurant,UK,14,0
TXN-0000723,220.92,restaurant,UK,10,0
TXN-0000724,214.82,restaurant,BRA,19,0
TXN-0000725,263.51,grocery,IND,9,0
TXN-0000726,224.26,travel,UK,15,0
TXN-0000727,83.14,electronics,BRA,10,0
TXN-0000728,139.34,restaurant,USA,10,0
TXN-0000729,239.15,travel,BRA,9,0
TXN-0000730,231.94,grocery,BRA,11,0
TXN-0000731,263.14,electronics,BRA,13,0
TXN-0000732,235.13,grocery,USA,8,0
TXN-0000733,356.87,grocery,BRA,19,0
TXN-0000734,436.98,grocery,IND,16,0
TXN-0000735,296.22,electronics,UK,15,0
TXN-0000736,73.78,electronics,UK,11,0
TXN-0000737,129.1,travel,UK,16,0
TXN-0000738,153.77,restaurant,USA,21,0
TXN-0000739,162.75,grocery,BRA,9,0
TXN-0000740,220.5,electronics,IND,17,0
TXN-0000741,233.9,grocery,USA,21,0
TXN-0000742,350.99,grocery,USA,18,0
TXN-0000743,354.55,restaurant,USA,22,0
TXN-0000744,312.44,travel,BRA,12,0
TXN-0000745,70.54,grocery,IND,8,0
TXN-0000746,116.63,restaurant,IND,10,0
TXN-0000747,0.91,grocery,BRA,11,0
TXN-0000748,143.43,grocery,BRA,17,0
TXN-0000749,212.83,travel,USA,21,0
TXN-0000750,148.44,grocery,UK,17,0
TXN-0000751,259.15,travel,IND,19,0
TXN-0000752,119.3,restaurant,BRA,14,0
TXN-0000753,64.43,travel,UK,9,0
TXN-0000754,307.44,restaurant,IND,21,0
TXN-0000755,246.26,electronics,IND,16,0
TXN-0000756,210.8,electronics,IND,12,0
TXN-0000757,246.95,grocery,BRA,19,0
TXN-0000758,241.6,travel,USA,18,0
TXN-0000759,341.11,restaurant,BRA,15,0
TXN-0000760,322.89,travel,UK,11,0
TXN-0000761,94.87,restaurant,BRA,15,0
TXN-0000762,188.86,grocery,BRA,14,0
TXN-0000763,274.41,travel,USA,15,0
TXN-0000764,196.95,electronics,BRA,15,0
TXN-0000765,196.73,grocery,USA,15,0
TXN-0000766,227.14,restaurant,UK,12,0
TXN-0000767,209.05,travel,USA,9,0
TXN-0000768,91.79,restaurant,IND,13,0
TXN-0000769,158.65,electronics,USA,19,0
TXN-0000770,153.71,travel,USA,20,0
TXN-0000771,267.67,grocery,BRA,22,0
TXN-0000772,42.89,electronics,USA,11,0
TXN-0000773,175.54,travel,BRA,21,0
TXN-0000774,290.4,travel,BRA,22,0
TXN-0000775,166.03,grocery,IND,8,0
TXN-0000776,272.78,travel,USA,21,0
TXN-0000777,20.21,electronics,UK,8,0
TXN-0000778,192.78,electronics,BRA,13,0
TXN-0000779,286.51,travel,BRA,11,0
TXN-0000780,126.43,electronics,UK,15,0
TXN-0000781,256.04,electronics,BRA,11,0
TXN-0000782,223.03,travel,UK,8,0
TXN-0000783,429.12,grocery,UK,18,0
TXN-0000784,233.6,travel,BRA,18,0
TXN-0000785,88.66,restaurant,UK,20,0
TXN-0000786,130.1,travel,UK,16,0
TXN-0000787,203.31,electronics,BRA,10,0
TXN-0000788,167.95,grocery,BRA,12,0
TXN-0000789,199.57,electronics,USA,21,0
TXN-0000790,343.88,electronics,BRA,11,0
TXN-0000791,291.65,electronics,BRA,14,0
TXN-0000792,111.89,travel,UK,13,0
TXN-0000793,219.07,grocery,IND,12,0
TXN-0000794,56.56,electronics,BRA,11,0
TXN-0000795,52.07,travel,UK,10,0
TXN-0000796,95.89,grocery,UK,10,0
TXN-0000797,183.09,restaurant,BRA,22,0
TXN-0000798,242.13,restaurant,USA,13,0
TXN-0000799,114.68,electronics,BRA,9,0
TXN-0000800,305.79,restaurant,UK,8,0
TXN-0000801,101.51,grocery,BRA,12,0
TXN-0000802,231.31,grocery,USA,20,0
TXN-0000803,133.62,grocery,BRA,10,0
TXN-0000804,307.48,electronics,USA,15,0
TXN-0000805,188.1,restaurant,USA,22,0
TXN-0000806,270.16,grocery,BRA,13,0
TXN-0000807,277.49,travel,BRA,12,0
TXN-0000808,271.83,travel,IND,13,0
TXN-0000809,383.51,travel,USA,11,0
TXN-0000810,48.02,grocery,BRA,9,0
TXN-0000811,192.87,electronics,UK,10,0
TXN-0000812,233.5,grocery,USA,10,0
TXN-0000813,310.65,travel,USA,17,0
TXN-0000814,296.79,travel,IND,14,0
TXN-0000815,170.46,travel,UK,14,0
TXN-0000816,120.48,grocery,BRA,16,0
TXN-0000817,319.75,electronics,IND,21,0
TXN-0000818,156.98,electronics,UK,9,0
TXN-0000819,55.34,electronics,BRA,11,0
TXN-0000820,54.6,restaurant,IND,17,0
TXN-0000821,268.02,restaurant,UK,20,0
TXN-0000822,400.43,travel,BRA,21,0
TXN-0000823,109.63,travel,UK,17,0
TXN-0000824,399.99,electronics,UK,20,0
TXN-0000825,80.4,travel,IND,14,0
TXN-0000826,244.82,restaurant,USA,18,0
TXN-0000827,237.25,grocery,BRA,10,0
TXN-0000828,156.58,travel,UK,12,0
TXN-0000829,361.33,grocery,UK,12,0
TXN-0000830,142.78,travel,USA,22,0
TXN-0000831,351.71,electronics,BRA,20,0
TXN-0000832,254.72,travel,USA,19,0
TXN-0000833,139.29,grocery,BRA,19,0
TXN-0000834,74.46,grocery,IND,12,0
TXN-0000835,218.63,grocery,USA,10,0
TXN-0000836,69.04,travel,UK,10,0
TXN-0000837,288.65,electronics,UK,10,0
TXN-0000838,92.25,electronics,IND,12,0
TXN-0000839,249.06,grocery,IND,9,0
TXN-0000840,209.07,grocery,BRA,17,0
TXN-0000841,697.53,restaurant,RO,0,1
TXN-0000842,44.29,travel,BRA,21,0
TXN-0000843,173.09,grocery,UK,8,0
TXN-0000844,229.0,travel,IND,8,0
TXN-0000845,122.95,travel,USA,22,0
TXN-0000846,121.55,travel,USA,21,0
TXN-0000847,175.8,restaurant,UK,8,0
TXN-0000848,128.99,travel,USA,13,0
TXN-0000849,377.72,electronics,IND,9,0
TXN-0000850,22.59,grocery,USA,22,0
TXN-0000851,211.63,electronics,UK,9,0
TXN-0000852,179.62,electronics,BRA,11,0
TXN-0000853,419.86,travel,USA,17,0
TXN-0000854,168.03,travel,IND,12,0
TXN-0000855,168.96,grocery,USA,11,0
TXN-0000856,145.57,electronics,BRA,14,0
TXN-0000857,162.11,grocery,IND,12,0
TXN-0000858,127.88,electronics,UK,19,0
TXN-0000859,6.32,grocery,USA,19,0
TXN-0000860,49.44,grocery,IND,8,0
TXN-0000861,260.56,electronics,USA,15,0
TXN-0000862,118.43,grocery,USA,9,0
TXN-0000863,116.23,grocery,IND,15,0
TXN-0000864,271.56,restaurant,IND,16,0
TXN-0000865,222.68,restaurant,BRA,14,0
TXN-0000866,95.52,electronics,USA,17,0
TXN-0000867,222.67,travel,USA,10,0
TXN-0000868,103.27,electronics,IND,20,0
TXN-0000869,166.91,electronics,IND,18,0
TXN-0000870,141.57,grocery,UK,8,0
TXN-0000871,313.19,restaurant,USA,8,0
TXN-0000872,320.82,electronics,USA,18,0
TXN-0000873,21.27,restaurant,UK,13,0
TXN-0000874,110.35,travel,IND,19,0
TXN-0000875,17.1,grocery,USA,19,0
TXN-0000876,103.18,electronics,BRA,12,0
TXN-0000877,73.34,restaurant,IND,12,0
TXN-0000878,364.2,travel,USA,10,0
TXN-0000879,371.28,electronics,USA,20,0
TXN-0000880,201.24,restaurant,IND,8,0
TXN-0000881,95.65,travel,IND,13,0
TXN-0000882,160.44,restaurant,USA,17,0
TXN-0000883,203.57,electronics,IND,8,0
TXN-0000884,52.02,grocery,IND,10,0
TXN-0000885,306.36,electronics,UK,12,0
TXN-0000886,103.0,travel,BRA,12,0
TXN-0000887,240.32,restaurant,USA,11,0
TXN-0000888,232.08,travel,USA,9,0
TXN-0000889,289.19,grocery,UK,17,0
TXN-0000890,235.34,grocery,BRA,20,0
TXN-0000891,108.81,restaurant,IND,12,0
TXN-0000892,114.52,electronics,USA,22,0
TXN-0000893,294.08,grocery,UK,10,0
TXN-0000894,241.19,grocery,BRA,16,0
TXN-0000895,206.04,restaurant,UK,8,0
TXN-0000896,252.94,restaurant,USA,10,0
TXN-0000897,290.4,grocery,IND,21,0
TXN-0000898,275.74,travel,UK,22,0
TXN-0000899,330.95,travel,UK,8,0
TXN-0000900,199.72,travel,UK,15,0
TXN-0000901,98.5,grocery,UK,20,0
TXN-0000902,139.9,restaurant,BRA,20,0
TXN-0000903,318.11,restaurant,BRA,16,0
TXN-0000904,251.83,restaurant,BRA,15,0
TXN-0000905,223.65,travel,USA,12,0
TXN-0000906,327.17,grocery,USA,8,0
TXN-0000907,18.2,travel,BRA,14,0
TXN-0000908,179.15,restaurant,UK,11,0
TXN-0000909,118.6,grocery,BRA,8,0
TXN-0000910,275.99,travel,USA,10,0
TXN-0000911,234.22,grocery,USA,17,0
TXN-0000912,352.21,restaurant,USA,12,0
TXN-0000913,79.89,electronics,BRA,21,0
TXN-0000914,281.46,grocery,BRA,9,0
TXN-0000915,88.38,grocery,BRA,8,0
TXN-0000916,216.42,grocery,BRA,21,0
TXN-0000917,210.14,restaurant,IND,21,0
TXN-0000918,140.09,travel,USA,22,0
TXN-0000919,175.89,restaurant,IND,22,0
TXN-0000920,134.22,travel,IND,16,0
TXN-0000921,114.28,grocery,USA,9,0
TXN-0000922,154.78,grocery,UK,8,0
TXN-0000923,278.99,electronics,BRA,11,0
TXN-0000924,225.31,grocery,USA,21,0
TXN-0000925,162.34,electronics,USA,17,0
TXN-0000926,278.5,restaurant,UK,15,0
TXN-0000927,54.84,electronics,IND,19,0
TXN-0000928,192.35,restaurant,UK,22,0
TXN-0000929,121.0,travel,UK,21,0
TXN-0000930,53.89,electronics,USA,9,0
TXN-0000931,201.89,travel,USA,17,0
TXN-0000932,101.75,travel,BRA,18,0
TXN-0000933,156.28,travel,UK,20,0
TXN-0000934,118.35,restaurant,IND,9,0
TXN-0000935,226.04,electronics,IND,17,0
TXN-0000936,355.3,restaurant,USA,19,0
TXN-0000937,313.98,restaurant,IND,9,0
TXN-0000938,133.99,restaurant,USA,11,0
TXN-0000939,365.64,travel,BRA,21,0
TXN-0000940,276.43,restaurant,BRA,14,0
TXN-0000941,100.76,grocery,IND,16,0
TXN-0000942,126.95,restaurant,USA,12,0
TXN-0000943,209.07,electronics,USA,18,0
TXN-0000944,236.6,restaurant,IND,11,0
TXN-0000945,121.2,electronics,BRA,15,0
TXN-0000946,155.77,electronics,UK,11,0
TXN-0000947,169.29,restaurant,BRA,15,0
TXN-0000948,153.87,travel,USA,12,0
TXN-0000949,18.88,grocery,BRA,21,0
TXN-0000950,1044.96,electronics,NG,2,1
TXN-0000951,257.93,grocery,BRA,22,0
TXN-0000952,121.21,restaurant,IND,20,0
TXN-0000953,111.39,restaurant,BRA,11,0
TXN-0000954,264.5,travel,UK,15,0
TXN-0000955,301.31,electronics,USA,18,0
TXN-0000956,222.17,grocery,USA,15,0
TXN-0000957,190.88,grocery,USA,18,0
TXN-0000958,124.35,restaurant,BRA,21,0
TXN-0000959,153.94,restaurant,BRA,14,0
TXN-0000960,83.88,travel,USA,22,0
TXN-0000961,290.35,electronics,BRA,15,0
TXN-0000962,143.34,restaurant,UK,17,0
TXN-0000963,126.98,restaurant,USA,10,0
TXN-0000964,243.86,electronics,USA,11,0
TXN-0000965,226.96,travel,UK,14,0
TXN-0000966,206.51,electronics,BRA,14,0
TXN-0000967,156.66,grocery,IND,21,0
TXN-0000968,110.57,travel,UK,21,0
TXN-0000969,70.5,restaurant,USA,17,0
TXN-0000970,152.03,grocery,UK,10,0
TXN-0000971,183.95,travel,BRA,12,0
TXN-0000972,6.07,grocery,IND,12,0
TXN-0000973,215.17,restaurant,UK,22,0
TXN-0000974,5.42,electronics,BRA,17,0
TXN-0000975,140.3,grocery,USA,21,0
TXN-0000976,80.47,electronics,IND,17,0
TXN-0000977,117.88,electronics,UK,12,0
TXN-0000978,193.6,travel,USA,22,0
TXN-0000979,105.79,electronics,UK,13,0
TXN-0000980,139.97,grocery,BRA,13,0
TXN-0000981,225.94,restaurant,UK,22,0
TXN-0000982,216.27,electronics,BRA,14,0
TXN-0000983,308.31,restaurant,BRA,10,0
TXN-0000984,157.26,travel,IND,19,0
TXN-0000985,152.08,electronics,IND,9,0
TXN-0000986,9.64,grocery,IND,8,0
TXN-0000987,290.69,electronics,BRA,14,0
TXN-0000988,65.92,restaurant,IND,10,0
TXN-0000989,39.56,grocery,UK,9,0
TXN-0000990,213.68,restaurant,IND,15,0
TXN-0000991,130.99,travel,BRA,17,0
TXN-0000992,189.29,travel,IND,10,0
TXN-0000993,218.34,electronics,IND,11,0
TXN-0000994,235.45,travel,IND,19,0
TXN-0000995,227.31,electronics,BRA,20,0
TXN-0000996,155.23,electronics,IND,12,0
TXN-0000997,82.21,travel,BRA,15,0
TXN-0000998,57.6,electronics,IND,20,0
TXN-0000999,225.75,travel,UK,10,0
